Feature,Importance
UPDRS,0.31183337560204893
FunctionalAssessment,0.15395157837542758
MoCA,0.12026776071164548
Tremor,0.10371415328400138
Age,0.06803271094864004
DietQuality,0.06562689656232465
Rigidity,0.050084488300513895
Bradykinesia,0.04801913317783446
PosturalInstability,0.03946152930672336
Depression,0.011295127998579246
SleepDisorders,0.010712890654009783
Diabetes,0.010242024337257443
TraumaticBrainInjury,0.0067583307409937515
