Metric,Logistic Regression,Random Forest
Accuracy,0.8242280285035629,0.9287410926365796
ROC AUC,0.904382183908046,0.9555196360153257
Precision,0.850187265917603,0.929368029739777
Recall,0.8697318007662835,0.9578544061302682
F1 Score,0.8598484848484849,0.9433962264150944
